[{"pos_x": 84.77, "pos_y": -18.0, "rotation": 0.0, "side": "top", "designator": "J3", "mpn": null, "pack": "USB_B_OST_USB-B1HSxx_Horizontal", "value": "USB_B", "mount_type": "tht"}, {"pos_x": 97.19, "pos_y": -30.945, "rotation": -90.0, "side": "top", "designator": "SW1", "mpn": null, "pack": "SW_Tactile_SPST_Angled_PTS645Vx58-2LFS", "value": "SW_Push", "mount_type": "tht"}, {"pos_x": 25.0, "pos_y": -30.24, "rotation": 90.0, "side": "top", "designator": "U1", "mpn": null, "pack": "DIP-32_W15.24mm", "value": "AS6C4008-55PCN", "mount_type": "tht"}, {"pos_x": 25.0, "pos_y": -80.345, "rotation": 90.0, "side": "top", "designator": "U2", "mpn": null, "pack": "DIP-40_W15.24mm", "value": "Z80CPU", "mount_type": "tht"}, {"pos_x": 25.0, "pos_y": -138.0, "rotation": 90.0, "side": "top", "designator": "U3", "mpn": null, "pack": "DIP-40_W15.24mm", "value": "82C55A", "mount_type": "tht"}, {"pos_x": 25.0, "pos_y": -118.782, "rotation": 90.0, "side": "top", "designator": "U9", "mpn": null, "pack": "DIP-40_W15.24mm", "value": "82C55A", "mount_type": "tht"}, {"pos_x": 73.26, "pos_y": -3.3592, "rotation": -90.0, "side": "top", "designator": "J6", "mpn": null, "pack": "IDC-Header_2x20_P2.54mm_Vertical", "value": "Conn_PATA", "mount_type": "tht"}, {"pos_x": 73.26, "pos_y": -144.1092, "rotation": -90.0, "side": "top", "designator": "J4", "mpn": null, "pack": "PinHeader_2x13_P2.54mm_Vertical", "value": "Conn_02x13_Odd_Even", "mount_type": "tht"}, {"pos_x": 25.0, "pos_y": -61.0767, "rotation": 90.0, "side": "top", "designator": "U7", "mpn": null, "pack": "DIP-24_W7.62mm", "value": "ATF22V10CZ-15PI", "mount_type": "tht"}, {"pos_x": 94.0, "pos_y": -6.0, "rotation": 0.0, "side": "top", "designator": "Mount2", "mpn": null, "pack": "MountingHole_3.2mm_M3_Pad", "value": "MountingHole_3.2mm_M3_Pad", "mount_type": null}, {"pos_x": 25.0, "pos_y": -11.2294, "rotation": 0.0, "side": "top", "designator": "RN3", "mpn": null, "pack": "R_Array_SIP4", "value": "1K\u03a9", "mount_type": "tht"}, {"pos_x": 83.5, "pos_y": -40.5, "rotation": -90.0, "side": "top", "designator": "RN2", "mpn": null, "pack": "R_Array_SIP4", "value": "10K\u03a9", "mount_type": "tht"}, {"pos_x": 96.38, "pos_y": -48.12, "rotation": 180.0, "side": "top", "designator": "SW2", "mpn": null, "pack": "SW_DIP_SPSTx03_Piano_10.8x9.18mm_W7.62mm_P2.54mm", "value": "SW_DIP_x03", "mount_type": "tht"}, {"pos_x": 13.4464, "pos_y": -134.5, "rotation": 180.0, "side": "top", "designator": "J5", "mpn": null, "pack": "IDC-Header_2x13_P2.54mm_Horizontal", "value": "Conn_Parallel_User", "mount_type": "tht"}, {"pos_x": 25.0, "pos_y": -49.4583, "rotation": 90.0, "side": "top", "designator": "U4", "mpn": null, "pack": "DIP-32_W15.24mm", "value": "SST39SF040", "mount_type": "tht"}, {"pos_x": 3.7964, "pos_y": -59.34, "rotation": -90.0, "side": "top", "designator": "X1", "mpn": null, "pack": "Oscillator_DIP-14_LargePads", "value": "Z80/SIO Ch.A Clock", "mount_type": "tht"}, {"pos_x": 89.5, "pos_y": -121.9892, "rotation": 90.0, "side": "top", "designator": "J1", "mpn": null, "pack": "DSUB-9_Male_Horizontal_P2.77x2.84mm_EdgePinOffset7.70mm_Housed_MountingHolesOffset9.12mm", "value": "DB9_Male_MountingHoles", "mount_type": "tht"}, {"pos_x": 58.02, "pos_y": -61.1567, "rotation": 90.0, "side": "top", "designator": "U8", "mpn": null, "pack": "DIP-14_W7.62mm", "value": "74HC00", "mount_type": "tht"}, {"pos_x": 25.0, "pos_y": -99.563, "rotation": 90.0, "side": "top", "designator": "IC1", "mpn": null, "pack": "DIP-40_W15.24mm", "value": "Z80SIO", "mount_type": "tht"}, {"pos_x": 89.5, "pos_y": -75.0292, "rotation": 90.0, "side": "top", "designator": "J2", "mpn": null, "pack": "DSUB-9_Male_Horizontal_P2.77x2.84mm_EdgePinOffset7.70mm_Housed_MountingHolesOffset9.12mm", "value": "DB9_Male_MountingHoles", "mount_type": "tht"}, {"pos_x": 83.47, "pos_y": -35.72, "rotation": 90.0, "side": "top", "designator": "C2", "mpn": null, "pack": "C_Disc_D7.5mm_W2.5mm_P5.00mm", "value": "100pF", "mount_type": "tht"}, {"pos_x": 16.627, "pos_y": -68.95, "rotation": -90.0, "side": "top", "designator": "C3", "mpn": null, "pack": "C_Disc_D7.5mm_W2.5mm_P5.00mm", "value": "0.1uF", "mount_type": "tht"}, {"pos_x": 20.04, "pos_y": -20.115, "rotation": -90.0, "side": "top", "designator": "C4", "mpn": null, "pack": "C_Disc_D7.5mm_W2.5mm_P5.00mm", "value": "0.1uF", "mount_type": "tht"}, {"pos_x": 20.167, "pos_y": -39.3333, "rotation": -90.0, "side": "top", "designator": "C6", "mpn": null, "pack": "C_Disc_D7.5mm_W2.5mm_P5.00mm", "value": "0.1uF", "mount_type": "tht"}, {"pos_x": 20.167, "pos_y": -54.7767, "rotation": -90.0, "side": "top", "designator": "C7", "mpn": null, "pack": "C_Disc_D7.5mm_W2.5mm_P5.00mm", "value": "0.1uF", "mount_type": "tht"}, {"pos_x": 20.167, "pos_y": -73.95, "rotation": 90.0, "side": "top", "designator": "C8", "mpn": null, "pack": "C_Disc_D7.5mm_W2.5mm_P5.00mm", "value": "0.1uF", "mount_type": "tht"}, {"pos_x": 20.0992, "pos_y": -93.86, "rotation": 90.0, "side": "top", "designator": "C11", "mpn": null, "pack": "C_Disc_D7.5mm_W2.5mm_P5.00mm", "value": "0.1uF", "mount_type": "tht"}, {"pos_x": 78.9964, "pos_y": -138.4892, "rotation": 0.0, "side": "top", "designator": "C5", "mpn": null, "pack": "C_Disc_D7.5mm_W2.5mm_P5.00mm", "value": "0.1uF", "mount_type": "tht"}, {"pos_x": 16.627, "pos_y": -54.7767, "rotation": -90.0, "side": "top", "designator": "C9", "mpn": null, "pack": "C_Disc_D7.5mm_W2.5mm_P5.00mm", "value": "0.1uF", "mount_type": "tht"}, {"pos_x": 77.6964, "pos_y": -106.8342, "rotation": 0.0, "side": "top", "designator": "U5", "mpn": null, "pack": "DIP-20_W7.62mm", "value": "MAX203", "mount_type": "tht"}, {"pos_x": 77.6964, "pos_y": -65.7942, "rotation": 0.0, "side": "top", "designator": "U6", "mpn": null, "pack": "DIP-20_W7.62mm", "value": "MAX203", "mount_type": "tht"}, {"pos_x": 78.9964, "pos_y": -134.9392, "rotation": 0.0, "side": "top", "designator": "C10", "mpn": null, "pack": "C_Disc_D7.5mm_W2.5mm_P5.00mm", "value": "0.1uF", "mount_type": "tht"}, {"pos_x": 78.9964, "pos_y": -93.86, "rotation": 0.0, "side": "top", "designator": "C12", "mpn": null, "pack": "C_Disc_D7.5mm_W2.5mm_P5.00mm", "value": "0.1uF", "mount_type": "tht"}, {"pos_x": 83.9964, "pos_y": -102.266, "rotation": 180.0, "side": "top", "designator": "C13", "mpn": null, "pack": "C_Disc_D7.5mm_W2.5mm_P5.00mm", "value": "0.1uF", "mount_type": "tht"}, {"pos_x": 84.77, "pos_y": -5.9892, "rotation": 0.0, "side": "top", "designator": "C1", "mpn": null, "pack": "CP_Radial_D5.0mm_P2.00mm", "value": "10uF", "mount_type": "tht"}, {"pos_x": 16.627, "pos_y": -88.78, "rotation": 0.0, "side": "top", "designator": "JP1", "mpn": null, "pack": "PinHeader_1x03_P2.54mm_Vertical", "value": "Jumper_3_Open", "mount_type": "tht"}, {"pos_x": 3.7944, "pos_y": -37.3944, "rotation": -90.0, "side": "top", "designator": "X2", "mpn": null, "pack": "Oscillator_DIP-14_LargePads", "value": "SIO Ch.B Clock", "mount_type": "tht"}, {"pos_x": 89.48, "pos_y": -35.76, "rotation": 90.0, "side": "top", "designator": "U10", "mpn": null, "pack": "TO-92_Inline_Wide", "value": "DS1233", "mount_type": "tht"}, {"pos_x": 74.0964, "pos_y": -19.5892, "rotation": 0.0, "side": "top", "designator": "G***", "mpn": null, "pack": "Z-FIGHTER_Logo", "value": "LOGO", "mount_type": "tht"}, {"pos_x": 10.43396, "pos_y": -21.621, "rotation": 0.0, "side": "top", "designator": "G***", "mpn": null, "pack": "Tangent_Fighter", "value": "LOGO", "mount_type": "tht"}, {"pos_x": 16.627, "pos_y": -39.3333, "rotation": -90.0, "side": "top", "designator": "C14", "mpn": null, "pack": "C_Disc_D7.5mm_W2.5mm_P5.00mm", "value": "0.1uF", "mount_type": "tht"}, {"pos_x": 16.627, "pos_y": -77.5915, "rotation": 0.0, "side": "top", "designator": "JP2", "mpn": null, "pack": "PinHeader_1x03_P2.54mm_Vertical", "value": "Jumper_3_Open", "mount_type": "tht"}, {"pos_x": 88.95, "pos_y": -97.059, "rotation": 90.0, "side": "top", "designator": "JP3", "mpn": null, "pack": "PinHeader_1x03_P2.54mm_Vertical", "value": "Jumper_3_Open", "mount_type": "tht"}, {"pos_x": 88.95, "pos_y": -92.9837, "rotation": 90.0, "side": "top", "designator": "JP4", "mpn": null, "pack": "PinHeader_1x03_P2.54mm_Vertical", "value": "Jumper_3_Open", "mount_type": "tht"}, {"pos_x": 91.64875, "pos_y": -134.9392, "rotation": 90.0, "side": "top", "designator": "JP5", "mpn": null, "pack": "PinHeader_1x02_P2.54mm_Vertical", "value": "Jumper_2_Open", "mount_type": "tht"}, {"pos_x": 91.487, "pos_y": -88.931, "rotation": 90.0, "side": "top", "designator": "JP6", "mpn": null, "pack": "PinHeader_1x02_P2.54mm_Vertical", "value": "Jumper_2_Open", "mount_type": "tht"}, {"pos_x": 20.0992, "pos_y": -77.5915, "rotation": -90.0, "side": "top", "designator": "RN1", "mpn": null, "pack": "R_Array_SIP4", "value": "4.7K\u03a9", "mount_type": "tht"}, {"pos_x": 3.7944, "pos_y": -45.0144, "rotation": -90.0, "side": "top", "designator": "REF**", "mpn": null, "pack": "Oscillator_DIP-8_LargePads", "value": "Oscillator_DIP-8_LargePads", "mount_type": "tht"}, {"pos_x": 3.7964, "pos_y": -66.96, "rotation": -90.0, "side": "top", "designator": "REF**", "mpn": null, "pack": "Oscillator_DIP-8_LargePads", "value": "Oscillator_DIP-8_LargePads", "mount_type": "tht"}, {"pos_x": 13.4464, "pos_y": -91.32, "rotation": 180.0, "side": "top", "designator": "J7", "mpn": null, "pack": "IDC-Header_2x04_P2.54mm_Horizontal", "value": "Conn_02x04_Odd_Even", "mount_type": "tht"}, {"pos_x": 6.0, "pos_y": -6.0, "rotation": 0.0, "side": "top", "designator": "Mount1", "mpn": null, "pack": "MountingHole_3.2mm_M3_Pad", "value": "MountingHole_3.2mm_M3_Pad", "mount_type": null}, {"pos_x": 94.0, "pos_y": -144.0, "rotation": 0.0, "side": "top", "designator": "Mount4", "mpn": null, "pack": "MountingHole_3.2mm_M3_Pad", "value": "MountingHole_3.2mm_M3_Pad", "mount_type": null}, {"pos_x": 6.0, "pos_y": -144.0, "rotation": 0.0, "side": "top", "designator": "Mount3", "mpn": null, "pack": "MountingHole_3.2mm_M3_Pad", "value": "MountingHole_3.2mm_M3_Pad", "mount_type": null}, {"pos_x": 31.881269, "pos_y": -21.039333, "rotation": 180.0, "side": "bottom", "designator": "REF**", "mpn": null, "pack": "KiCad-Logo2_6mm_SilkScreen", "value": "KiCad-Logo2_6mm_SilkScreen", "mount_type": null}, {"pos_x": 75.9464, "pos_y": -20.7592, "rotation": 180.0, "side": "bottom", "designator": "G***", "mpn": null, "pack": "Tangent_Head", "value": "LOGO", "mount_type": "tht"}]